date,open,high,low,close,volume,dividends,stock_splits
2023-12-22 00:00:00-05:00,139.71436841353267,140.9252208312421,139.65482077731141,140.42897033691406,26532200,0.0,0.0
2023-12-26 00:00:00-05:00,140.52820742657298,141.6100298393638,140.13121309993724,140.458740234375,16780300,0.0,0.0
2023-12-27 00:00:00-05:00,140.52822004635922,141.01455101287016,138.8409712900939,139.31736755371094,19628600,0.0,0.0
2023-12-28 00:00:00-05:00,139.72428432008698,140.0815852724405,138.70200954003505,139.17840576171875,16045700,0.0,0.0
2023-12-29 00:00:00-05:00,138.5829084225353,139.3074298543242,137.73927658207975,138.6424560546875,18733000,0.0,0.0
2024-01-02 00:00:00-05:00,137.51100529289818,138.4042500618413,135.45652112222194,137.13385009765625,23711200,0.0,0.0
2024-01-03 00:00:00-05:00,136.22076003752528,138.58291722535583,136.05203668758926,137.87823486328125,24212100,0.0,0.0
2024-01-04 00:00:00-05:00,137.38197845779115,138.11643460621872,135.32750938466225,135.36720275878906,27137700,0.0,0.0
2024-01-05 00:00:00-05:00,135.72449810296587,136.13142710669655,134.1364906048939,134.71214294433594,22513900,0.0,0.0
2024-01-08 00:00:00-05:00,135.26794767616852,137.96755146900708,135.23817385924744,137.798828125,21404000,0.0,0.0
2024-01-09 00:00:00-05:00,137.46138108120132,140.42896436301152,137.11399969220417,139.89300537109375,24759600,0.0,0.0
2024-01-10 00:00:00-05:00,139.94262800363174,141.9276298192861,139.85330655657418,141.21302795410156,21320200,0.0,0.0
2024-01-11 00:00:00-05:00,142.4139716480829,144.13099411000476,139.58533778589887,141.01454162597656,24008700,0.0,0.0
2024-01-12 00:00:00-05:00,141.6001002299109,142.12612449032548,140.75648355960536,141.5802459716797,18785500,0.0,0.0
2024-01-16 00:00:00-05:00,140.93513210487004,143.26751534885753,140.38925356432378,141.4214630126953,22670500,0.0,0.0
2024-01-17 00:00:00-05:00,140.29000813187008,140.77632387999014,137.85836881382235,140.4091033935547,20968600,0.0,0.0
2024-01-18 00:00:00-05:00,140.98475322574876,143.12855876412843,140.92520559596517,142.40402221679688,25746400,0.0,0.0
2024-01-19 00:00:00-05:00,143.65457162828704,145.35173951998564,143.29727073355673,145.2822723388672,34271900,0.0,0.0
2024-01-22 00:00:00-05:00,145.99689454630132,147.2772140972634,144.7463336676715,144.8952178955078,32200400,0.0,0.0
2024-01-23 00:00:00-05:00,144.79597726482936,146.0762969530336,144.40890246194306,145.93734741210938,21636100,0.0,0.0
2024-01-24 00:00:00-05:00,147.4260808607733,148.7262697948882,146.98939317466798,147.5848846435547,25233500,0.0,0.0
2024-01-25 00:00:00-05:00,148.94462008165343,151.90226857782716,148.41858066213035,150.73110961914062,29149100,0.0,0.0
2024-01-26 00:00:00-05:00,149.9668989175663,151.39608755777192,149.87756232275885,151.04872131347656,26115500,0.0,0.0
2024-01-29 00:00:00-05:00,150.91967200834566,152.62677462737892,150.29439164661815,152.35879516601562,27784300,0.0,0.0
2024-01-30 00:00:00-05:00,151.6541357617942,152.46797859903648,150.05620875745953,150.32418823242188,36331800,0.0,0.0
2024-01-31 00:00:00-05:00,142.54296958721974,142.92012476265015,138.8210913381924,139.04937744140625,71910000,0.0,0.0
2024-02-01 00:00:00-05:00,141.05426360427907,141.98721714153083,139.73423521054693,140.10147094726562,40466500,0.0,0.0
2024-02-02 00:00:00-05:00,138.21568812094753,141.55049219078217,135.47639072744062,141.3123016357422,62499600,0.0,0.0
2024-02-05 00:00:00-05:00,141.74900272521677,144.37912436638035,141.70929420363484,142.6025390625,38505400,0.0,0.0
2024-02-06 00:00:00-05:00,143.56524201457606,144.2699242821831,142.11619925320892,143.01937866210938,29128200,0.0,0.0
2024-02-07 00:00:00-05:00,143.67441319432578,144.52796450496214,142.85063569672877,144.4485626220703,25208900,0.0,0.0
2024-02-08 00:00:00-05:00,144.7364397680887,145.2326903267898,144.01191819280734,144.8158416748047,22563800,0.0,0.0
2024-02-09 00:00:00-05:00,145.58002011050414,148.31933219973374,145.0837696762943,147.88262939453125,26829500,0.0,0.0
2024-02-12 00:00:00-05:00,147.3069701451041,148.2200690837802,146.26484125340653,146.42364501953125,21564100,0.0,0.0
2024-02-13 00:00:00-05:00,143.83320806987598,145.5700843968329,142.61243637763553,144.0515594482422,27837700,0.0,0.0
2024-02-14 00:00:00-05:00,144.98451529888237,145.4212180637919,143.00943330099065,144.84556579589844,22704200,0.0,0.0
2024-02-15 00:00:00-05:00,142.06659185995144,142.44374708435768,139.40669646187024,141.69937133789062,37590700,0.0,0.0
2024-02-16 00:00:00-05:00,141.9177262893279,142.11622346443778,139.08909232483043,139.46624755859375,31468900,0.0,0.0
2024-02-20 00:00:00-05:00,138.61269407325094,141.0145446894188,138.4439707196268,140.06173706054688,25144700,0.0,0.0
2024-02-21 00:00:00-05:00,140.38926092804869,141.6199675981642,139.62503093119838,141.48101806640625,23223300,0.0,0.0
2024-02-22 00:00:00-05:00,143.84315762538745,143.9126399622496,141.72914086755702,143.00946044921875,27191900,0.0,0.0
2024-02-23 00:00:00-05:00,142.5925983953203,143.59501882359496,142.35439273418308,142.88043212890625,19493800,0.0,0.0
2024-02-26 00:00:00-05:00,141.0740662178909,141.3718194933305,136.35968731390602,136.53834533691406,53641800,0.0,0.0
2024-02-27 00:00:00-05:00,136.9849952684124,138.20576728479702,136.06196144307498,137.8385467529297,33099200,0.0,0.0
2024-02-28 00:00:00-05:00,136.86585965865115,136.9750353567302,134.3945422616018,135.35726928710938,37328600,0.0,0.0
2024-02-29 00:00:00-05:00,136.25051773823296,137.8186709245879,135.37711212953872,137.4216766357422,42133000,0.0,0.0
2024-03-01 00:00:00-05:00,137.39189175788897,137.8285945752075,135.89322085696574,136.111572265625,31151100,0.0,0.0
2024-03-04 00:00:00-05:00,134.64268084656484,134.64268084656484,130.9208023300921,132.35000610351562,55999400,0.0,0.0
2024-03-05 00:00:00-05:00,130.89102554499024,132.2408273954596,129.69009277405854,131.6750946044922,40194800,0.0,0.0
2024-03-06 00:00:00-05:00,132.12173002942825,132.57828715901485,129.86876363343262,130.4146270751953,35318600,0.0,0.0
2024-03-07 00:00:00-05:00,131.79418082018677,133.92806672802465,130.6230370899261,133.3722686767578,37738200,0.0,0.0
2024-03-08 00:00:00-05:00,133.20356361663008,137.05445713321666,132.99513174664168,134.39456176757812,39370400,0.0,0.0
2024-03-11 00:00:00-04:00,135.10914387452527,138.05687257387362,135.10914387452527,136.63758850097656,32437800,0.0,0.0
2024-03-12 00:00:00-04:00,136.00241751033502,138.33480103284336,136.00241751033502,137.46139526367188,27563400,0.0,0.0
2024-03-13 00:00:00-04:00,137.95761497005276,140.03193806409257,137.9476954137514,138.74168395996094,23347200,0.0,0.0
2024-03-14 00:00:00-04:00,140.13120561748423,142.51320173883516,139.40668419509728,142.02688598632812,42753400,0.0,0.0
2024-03-15 00:00:00-04:00,141.43136997734203,142.10626328057222,138.97989168618588,140.1212615966797,49475400,0.0,0.0
2024-03-18 00:00:00-04:00,147.4955587325886,151.00900524024846,146.06635501951953,146.57252502441406,69273700,0.0,0.0
2024-03-19 00:00:00-04:00,147.04894486376466,147.6742101661268,144.98454106374294,145.9274139404297,24070400,0.0,0.0
2024-03-20 00:00:00-04:00,146.89013190121898,147.7436832734465,145.6395862302464,147.6245880126953,21311500,0.0,0.0
2024-03-21 00:00:00-04:00,148.34912076601722,149.24236557867428,145.7983860112411,146.49314880371094,24755600,0.0,0.0
2024-03-22 00:00:00-04:00,148.0017381108715,150.4432971327226,147.86278858243205,149.63937377929688,29211800,0.0,0.0
2024-03-25 00:00:00-04:00,148.81559588391366,149.25229872799846,146.71149870171885,148.9446258544922,19229300,0.0,0.0
2024-03-26 00:00:00-04:00,149.09350817390973,151.11820364195134,148.85530247116668,149.54013061523438,22149100,0.0,0.0
2024-03-27 00:00:00-04:00,150.0462745317352,150.50283159628924,147.78337375554537,149.7386016845703,22879200,0.0,0.0
2024-03-28 00:00:00-04:00,149.71876999163942,150.2944071987847,149.0438614902864,149.79815673828125,24485400,0.0,0.0
2024-04-01 00:00:00-04:00,149.5599671303415,154.57209984115423,149.48056523884867,154.323974609375,31730800,0.0,0.0
2024-04-02 00:00:00-04:00,152.34889138814307,153.53988946458512,151.0090090869194,153.40093994140625,24586000,0.0,0.0
2024-04-03 00:00:00-04:00,152.44816154374408,153.91705880149465,151.58467536489442,153.7582550048828,24705000,0.0,0.0
2024-04-04 00:00:00-04:00,152.34889789636918,153.60937836042848,149.3217669288391,149.4011688232422,34724700,0.0,0.0
2024-04-05 00:00:00-04:00,148.90493591423527,152.26951397177075,148.47816771886264,151.35641479492188,23459200,0.0,0.0
2024-04-08 00:00:00-04:00,151.63429745472348,154.10563032964885,151.46557410662442,153.68878173828125,20702000,0.0,0.0
2024-04-09 00:00:00-04:00,154.91947398862214,157.37095261531294,154.02622916635622,155.4256591796875,31079500,0.0,0.0
2024-04-10 00:00:00-04:00,155.03858328938844,155.43557761990488,153.52004287147383,154.96910095214844,22838600,0.0,0.0
2024-04-11 00:00:00-04:00,155.73333190851926,158.48254871038773,155.28670949781988,158.21458435058594,27166400,0.0,0.0
2024-04-12 00:00:00-04:00,156.7754510311415,159.0184976446993,155.9615930124083,156.5471649169922,25353700,0.0,0.0
2024-04-15 00:00:00-04:00,157.66871946165114,158.0458747117583,153.43073568254982,153.69871520996094,27136500,0.0,0.0
2024-04-16 00:00:00-04:00,153.03372500347797,154.4827679200494,152.27941458366453,153.2421417236328,20779500,0.0,0.0
2024-04-17 00:00:00-04:00,154.45300728212143,155.90206546670152,153.42081286214687,154.30413818359375,21763100,0.0,0.0
2024-04-18 00:00:00-04:00,154.17508359846744,155.7630910697114,153.46048175084383,154.84005737304688,19883000,0.0,0.0
2024-04-19 00:00:00-04:00,155.02865652078847,155.18746031886693,151.15790859489965,152.93447875976562,32615600,0.0,0.0
2024-04-22 00:00:00-04:00,153.15281939939192,156.45784938513543,152.90469416152254,155.10804748535156,26446200,0.0,0.0
2024-04-23 00:00:00-04:00,155.78294214571977,157.77786342870908,155.10803368370046,157.07318115234375,21151600,0.0,0.0
2024-04-24 00:00:00-04:00,156.30899022616805,158.37339415365952,155.9913826322323,157.9366912841797,22779100,0.0,0.0
2024-04-25 00:00:00-04:00,150.1951766135992,155.31648535594996,149.73861949474144,154.8301544189453,57109700,0.0,0.0
2024-04-26 00:00:00-04:00,173.06237276158643,173.39983456886753,168.3777674191163,170.6605224609375,64665300,0.0,0.0
2024-04-29 00:00:00-04:00,167.79220353593925,168.27853443993808,163.97108407090454,164.90402221679688,45610000,0.0,0.0
2024-04-30 00:00:00-04:00,164.36809054901573,166.8394234809616,161.38066800310506,161.55931091308594,33562900,0.0,0.0
2024-05-01 00:00:00-04:00,163.0679131791334,165.86675805283966,161.86698033617475,162.63121032714844,33493200,0.0,0.0
2024-05-02 00:00:00-04:00,163.55422015396346,165.4796743643417,162.6609753825577,165.37049865722656,24294500,0.0,0.0
2024-05-03 00:00:00-04:00,166.30346280179975,166.70047228284332,161.8272888066215,165.98587036132812,34662400,0.0,0.0
2024-05-06 00:00:00-04:00,166.2042164988209,166.8791098785654,164.78493225886228,166.83941650390625,21871300,0.0,0.0
2024-05-07 00:00:00-04:00,167.23639713482265,170.47194452949657,167.12722143299578,169.9657745361328,28039700,0.0,0.0
2024-05-08 00:00:00-04:00,167.73264706920992,168.87401701223217,167.47460229491972,168.10980224609375,19569100,0.0,0.0
2024-05-09 00:00:00-04:00,168.11973776202532,169.40999204467994,166.9188049315239,168.6854705810547,15346700,0.0,0.0
2024-05-10 00:00:00-04:00,166.76995386436658,168.57631308413568,164.94375552710616,167.3852996826172,29799900,0.0,0.0
2024-05-13 00:00:00-04:00,163.02820299532175,168.0105620780994,162.77015819649304,167.87161254882812,31327600,0.0,0.0
2024-05-14 00:00:00-04:00,168.49687394196908,169.9657709630093,167.53414690365162,169.06259155273438,25127100,0.0,0.0
2024-05-15 00:00:00-04:00,169.35041737660612,171.35525810081774,169.23130698171917,171.21630859375,26948400,0.0,0.0
2024-05-16 00:00:00-04:00,171.99048456648705,173.8067631392547,171.3949930775493,172.87380981445312,27867900,0.0,0.0
2024-05-17 00:00:00-04:00,172.87380893604973,174.94814744007684,172.387493160876,174.73971557617188,24479300,0.0,0.0
2024-05-20 00:00:00-04:00,174.86874028439564,177.42939448654315,174.7595645769426,175.59326171875,22554400,0.0,0.0
2024-05-21 00:00:00-04:00,175.57342356539291,176.814049834635,174.4916010932611,176.5163116455078,16989400,0.0,0.0
2024-05-22 00:00:00-04:00,175.31537207270605,175.82154211929756,173.89610294407106,175.0573272705078,17880000,0.0,0.0
2024-05-23 00:00:00-04:00,175.74214258358214,176.91328638262783,171.6530285552818,172.24853515625,21024900,0.0,0.0
2024-05-24 00:00:00-04:00,173.6678149317287,174.45189917635065,172.34778682854989,173.67774963378906,16579400,0.0,0.0
2024-05-28 00:00:00-04:00,173.14178984862892,175.94064983167806,173.06238795431943,175.07716369628906,20572200,0.0,0.0
2024-05-29 00:00:00-04:00,174.1144254654683,175.51385536789155,173.4097583079271,174.58090209960938,23388700,0.0,0.0
2024-05-30 00:00:00-04:00,173.88617571412965,173.90602997495594,170.50174360052324,170.81935119628906,22931500,0.0,0.0
2024-05-31 00:00:00-04:00,170.57122087015406,171.7622190301401,168.16937028994596,171.2064208984375,37638900,0.0,0.0
2024-06-03 00:00:00-04:00,171.24611844022382,173.22120091176382,169.8764773378859,171.87139892578125,27459100,0.0,0.0
2024-06-04 00:00:00-04:00,171.98055484617473,172.5462876288162,170.60097920010114,172.48672485351562,26879600,0.0,0.0
2024-06-05 00:00:00-04:00,173.88615737761106,175.32528067630372,172.62567697442577,174.09458923339844,22068500,0.0,0.0
2024-06-06 00:00:00-04:00,174.5809159744427,175.8215421969568,174.43204688548622,175.40469360351562,23251000,0.0,0.0
2024-06-07 00:00:00-04:00,175.72229190224542,176.53613478615,172.9929143569092,173.15171813964844,19661400,0.0,0.0
2024-06-10 00:00:00-04:00,173.85720320728015,175.9339073021769,171.66125199471998,173.89694213867188,23726700,0.2,0.0
2024-06-11 00:00:00-04:00,175.09925413873597,175.71530612964037,172.66483900249895,175.4967041015625,21540600,0.0,0.0
2024-06-12 00:00:00-04:00,177.11633707085997,179.2626031953618,174.9899479924397,176.6592559814453,27864700,0.0,0.0
2024-06-13 00:00:00-04:00,174.9899603208632,175.6159584417151,173.76778723125477,174.04600524902344,20913300,0.0,0.0
2024-06-14 00:00:00-04:00,173.1119567987189,175.93389067490244,173.04239472317744,175.6656036376953,18063600,0.0,0.0
2024-06-17 00:00:00-04:00,174.34408443003642,177.22563442085436,173.69820932054725,176.11276245117188,19618500,0.0,0.0
2024-06-18 00:00:00-04:00,176.01339021741077,176.26180021913805,172.9927312675741,173.97642517089844,21869900,0.0,0.0
2024-06-20 00:00:00-04:00,174.25466351538762,176.16245073210138,173.8770905786415,175.1787567138672,20160100,0.0,0.0
2024-06-21 00:00:00-04:00,175.87428594679412,179.69980614084275,175.48676694016078,178.48756408691406,57759000,0.0,0.0
2024-06-24 00:00:00-04:00,179.014178404994,179.73953132877418,177.53364940990167,178.0801544189453,18298000,0.0,0.0
2024-06-25 00:00:00-04:00,178.47761719658297,183.1179143136271,178.27889222308787,182.8595733642578,23130200,0.0,0.0
2024-06-26 00:00:00-04:00,181.4684755299556,183.33650839401088,181.31942043498108,182.7105255126953,19839000,0.0,0.0
2024-06-27 00:00:00-04:00,183.00861627114853,184.8667334659005,182.84964538682112,184.23080444335938,18848900,0.0,0.0
2024-06-28 00:00:00-04:00,183.14774365065432,183.95258967563325,180.80275249600572,180.9915313720703,29156600,0.0,0.0
2024-07-01 00:00:00-04:00,181.8659413243254,182.710541450962,180.14694824354996,181.82620239257812,16006100,0.0,0.0
2024-07-02 00:00:00-04:00,180.8921754401855,184.38979268671295,180.40528635394423,184.0618896484375,17372500,0.0,0.0
2024-07-03 00:00:00-04:00,183.67436680423387,184.90647074592763,182.8297667085458,184.63819885253906,10242100,0.0,0.0
2024-07-05 00:00:00-04:00,184.67794276589416,189.64614308224583,184.618326787977,189.38780212402344,20967500,0.0,0.0
2024-07-08 00:00:00-04:00,188.69222069497164,188.9605077271216,186.58570884988617,187.8277587890625,21035900,0.0,0.0
2024-07-09 00:00:00-04:00,189.09963450972523,190.14295958916762,187.5197504772306,187.77809143066406,15121400,0.0,0.0
2024-07-10 00:00:00-04:00,187.94700799576873,190.53047817126304,187.82777604241306,189.96409606933594,15952500,0.0,0.0
2024-07-11 00:00:00-04:00,188.64256383874462,189.64613480059487,183.90289669863316,184.38978576660156,25625800,0.0,0.0
2024-07-12 00:00:00-04:00,183.90289053636494,185.9199784961909,183.31664658309873,183.89295959472656,22898400,0.0,0.0
2024-07-15 00:00:00-04:00,183.74391265022248,187.04280482965035,183.74391265022248,185.3436737060547,16474000,0.0,0.0
2024-07-16 00:00:00-04:00,186.16839882768255,187.47999579867826,182.203769602895,182.75027465820312,18290700,0.0,0.0
2024-07-17 00:00:00-04:00,181.80632373022326,182.3826367867754,178.7558414559852,179.8687286376953,20734100,0.0,0.0
2024-07-18 00:00:00-04:00,180.77293018820677,181.33931230427376,175.3476639106666,176.55990600585938,25315700,0.0,0.0
2024-07-19 00:00:00-04:00,177.74233237445245,179.14335328560048,176.0034623321631,176.53009033203125,18881900,0.0,0.0
2024-07-22 00:00:00-04:00,179.44143915290098,181.53802010319112,179.08372815601643,180.5145721435547,24100300,0.0,0.0
2024-07-23 00:00:00-04:00,180.89216041821464,182.44223635279693,180.38539432762542,180.63380432128906,36352700,0.0,0.0
2024-07-24 00:00:00-04:00,172.4959059646395,175.069429864651,170.72722801961868,171.53207397460938,49585200,0.0,0.0
2024-07-25 00:00:00-04:00,171.422773934444,172.31704385351824,166.12667101114428,166.21609497070312,44852000,0.0,0.0
2024-07-26 00:00:00-04:00,166.08692140634935,167.020945440501,163.0165774179734,165.93788146972656,41336900,0.0,0.0
2024-07-29 00:00:00-04:00,167.75623728269647,169.34605213128413,166.92158335005726,168.4517822265625,20293800,0.0,0.0
2024-07-30 00:00:00-04:00,169.15728508367997,170.14097901520392,167.36872998762226,169.2069549560547,18959700,0.0,0.0
2024-07-31 00:00:00-04:00,172.13820531777287,173.14177629603867,168.92873708461033,170.44900512695312,25729100,0.0,0.0
2024-08-01 00:00:00-04:00,169.16719928563558,172.94303407883817,167.80591742361148,169.6739501953125,24531400,0.0,0.0
2024-08-02 00:00:00-04:00,165.38144985923282,167.438276847675,163.62270275190997,165.6000518798828,29130100,0.0,0.0
2024-08-05 00:00:00-04:00,154.51103232007947,163.38423094995542,153.94465019728176,158.2371826171875,53630700,0.0,0.0
2024-08-06 00:00:00-04:00,158.31665821940092,159.5487772402718,155.41523132677855,157.28326416015625,49004600,0.0,0.0
2024-08-07 00:00:00-04:00,160.22442859224762,161.9434213172831,157.4621109742632,157.9291229248047,25138600,0.0,0.0
2024-08-08 00:00:00-04:00,159.48915933518853,162.64894258558448,159.19107944889603,160.99949645996094,25578800,0.0,0.0
2024-08-09 00:00:00-04:00,158.99233275753915,162.74829078749448,158.04837777910737,162.62905883789062,28602300,0.0,0.0
2024-08-12 00:00:00-04:00,163.30475433227653,163.85124425062764,160.81070801086153,161.25784301757812,15895300,0.0,0.0
2024-08-13 00:00:00-04:00,162.3707367020374,163.68233378484413,161.9335326205201,163.115966796875,18551700,0.0,0.0
2024-08-14 00:00:00-04:00,161.36712454072207,162.1819165911199,156.70696583237768,159.35003662109375,40591100,0.0,0.0
2024-08-15 00:00:00-04:00,159.4792091671549,160.61195808374163,158.59487023369454,160.2741241455078,31524300,0.0,0.0
2024-08-16 00:00:00-04:00,160.44303978023876,164.0102034694482,160.10520584481466,161.92356872558594,24208600,0.0,0.0
2024-08-19 00:00:00-04:00,164.22882628821975,165.6298623978553,163.21530919170212,165.6099853515625,22416200,0.0,0.0
2024-08-20 00:00:00-04:00,165.8385269794626,167.56746621538298,165.7590491136282,166.1167449951172,18341500,0.0,0.0
2024-08-21 00:00:00-04:00,164.09963641871417,165.7888365119098,163.62269347422293,164.79519653320312,22902000,0.0,0.0
2024-08-22 00:00:00-04:00,166.19621017398273,166.5241131721472,162.2713354606225,162.7582244873047,22493300,0.0,0.0
2024-08-23 00:00:00-04:00,163.6723804637865,165.12308635947946,162.78804147862647,164.566650390625,13955700,0.0,0.0
2024-08-26 00:00:00-04:00,165.32182772050928,166.48438469877073,163.414040743741,165.1032257080078,14190400,0.0,0.0
2024-08-27 00:00:00-04:00,164.78525544371954,165.3814455137806,163.4140425413684,163.63262939453125,11821900,0.0,0.0
2024-08-28 00:00:00-04:00,163.99035967655564,164.54681088282098,160.50268829353018,161.81430053710938,16407400,0.0,0.0
2024-08-29 00:00:00-04:00,163.2649914453281,164.91443753942139,159.2308153360169,160.75108337402344,19699800,0.0,0.0
2024-08-30 00:00:00-04:00,161.58573574397926,162.6191298588304,160.66165779990888,162.34091186523438,22123800,0.0,0.0
2024-09-03 00:00:00-04:00,160.6914786071736,160.82065667227133,155.4847990112644,156.3592071533203,38945300,0.0,0.0
2024-09-04 00:00:00-04:00,155.66364237973846,157.98875628626521,154.9680974284368,155.45497131347656,19353800,0.0,0.0
2024-09-05 00:00:00-04:00,155.30593568698094,158.4358956354768,154.98796360800392,156.23995971679688,18688700,0.0,0.0
2024-09-06 00:00:00-04:00,156.29957197054128,156.82619994728552,149.59250210192843,149.96014404296875,37912100,0.0,0.0
2024-09-09 00:00:00-04:00,151.74112707707891,152.62663960312594,146.47780288600765,147.96029663085938,39260500,0.2,0.0
2024-09-10 00:00:00-04:00,149.6915067964419,150.50738007285446,147.59214370497173,147.91053771972656,31118800,0.0,0.0
2024-09-11 00:00:00-04:00,149.16419505975477,150.73623150719806,146.77630043535657,150.39794921875,29607700,0.0,0.0
2024-09-12 00:00:00-04:00,153.02461331532527,154.0394751896829,151.88040198370663,153.91012573242188,29621500,0.0,0.0
2024-09-13 00:00:00-04:00,154.6463885405626,157.58152818841413,154.42751164329223,156.66616821289062,29591200,0.0,0.0
2024-09-16 00:00:00-04:00,156.51693413001883,157.45219763829544,155.81052202950406,157.26315307617188,18379800,0.0,0.0
2024-09-17 00:00:00-04:00,158.2183245621199,159.74061004154726,157.5815516503455,158.51681518554688,20715600,0.0,0.0
2024-09-18 00:00:00-04:00,159.05406919954734,159.6908420434117,157.80042693308812,159.0043182373047,23677300,0.0,0.0
2024-09-19 00:00:00-04:00,162.88467834172684,162.9642616693234,160.52661614683478,161.3225860595703,26587700,0.0,0.0
2024-09-20 00:00:00-04:00,162.67573141732413,162.90456764484875,161.2429886014312,162.76527404785156,40896400,0.0,0.0
2024-09-23 00:00:00-04:00,163.52143865567453,164.65569075995793,160.85494193042624,161.03404235839844,24150900,0.0,0.0
2024-09-24 00:00:00-04:00,162.20809181188605,162.39713636620655,159.87989243963506,161.47181701660156,23332100,0.0,0.0
2024-09-25 00:00:00-04:00,160.6559541225392,161.9891949013652,160.48681299524299,160.6758575439453,18869200,0.0,0.0
2024-09-26 00:00:00-04:00,162.81500754909376,163.2527917160846,161.46186338833198,161.9095916748047,20319300,0.0,0.0
2024-09-27 00:00:00-04:00,161.98919151686223,164.86462098454524,161.81010627353578,163.12344360351562,21101300,0.0,0.0
2024-09-30 00:00:00-04:00,162.4966264954632,165.31234563823617,162.43691623380593,165.0138702392578,20413900,0.0,0.0
2024-10-01 00:00:00-04:00,166.8445849442019,168.30717508055415,163.75026355678568,166.1481170654297,28338100,0.0,0.0
2024-10-02 00:00:00-04:00,165.58099330587024,166.67545373891107,163.8995109959539,165.02381896972656,17760200,0.0,0.0
2024-10-03 00:00:00-04:00,163.58113216752693,165.79988539247842,163.0935970324702,165.02381896972656,15073100,0.0,0.0
2024-10-04 00:00:00-04:00,167.21273199051447,167.3818731227034,164.6457371019136,166.2177734375,19047400,0.0,0.0
2024-10-07 00:00:00-04:00,166.8744651557115,167.63062826044842,161.92951947546015,162.15835571289062,22463100,0.0,0.0
2024-10-08 00:00:00-04:00,163.11351583433103,163.89952645082283,162.0489028416346,163.55130004882812,23072700,0.0,0.0
2024-10-09 00:00:00-04:00,162.62597153558053,164.00896330918712,158.9346838265827,161.0439910888672,31181800,0.0,0.0
2024-10-10 00:00:00-04:00,160.0589870760538,162.24790816824293,159.591355313801,161.2628936767578,14144100,0.0,0.0
2024-10-11 00:00:00-04:00,161.31261821924474,163.07368374330417,160.42710580677368,162.41702270507812,15344300,0.0,0.0
2024-10-14 00:00:00-04:00,162.8150044575592,165.39194326757854,162.5762089577725,164.12835693359375,19016100,0.0,0.0
2024-10-15 00:00:00-04:00,164.95417746587214,166.83464858810927,163.80003704311807,164.6258544921875,20247200,0.0,0.0
2024-10-16 00:00:00-04:00,163.70053329945262,164.96413494193072,162.91452270440968,164.32736206054688,16406000,0.0,0.0
2024-10-17 00:00:00-04:00,164.89448390766555,165.53125680199904,161.9394556622168,162.1085968017578,21453400,0.0,0.0
2024-10-18 00:00:00-04:00,162.3672941471386,163.87963544942022,162.2578480953578,162.59613037109375,19757700,0.0,0.0
2024-10-21 00:00:00-04:00,162.12849497134508,163.67068378195492,161.8001568233936,163.24285888671875,20946500,0.0,0.0
2024-10-22 00:00:00-04:00,162.15832023535148,164.9342627494447,162.15832023535148,164.30743408203125,16568100,0.0,0.0
2024-10-23 00:00:00-04:00,163.9293642522353,164.98403306169303,161.11362975074982,161.9593505859375,18280500,0.0,0.0
2024-10-24 00:00:00-04:00,162.00908898296657,162.50656821640374,160.1982572859619,161.89964294433594,22412500,0.0,0.0
2024-10-25 00:00:00-04:00,162.84487350933975,164.7551922144046,162.59613385740113,164.4368133544922,19828900,0.0,0.0
2024-10-28 00:00:00-04:00,167.89925067008892,167.89925067008892,163.12344672576728,165.87948608398438,32138600,0.0,0.0
2024-10-29 00:00:00-04:00,166.88438836507615,169.52103755308448,166.24761551933543,168.82455444335938,42169000,0.0,0.0
2024-10-30 00:00:00-04:00,179.7691030508194,181.1023590425056,173.18248232545162,173.58047485351562,68890800,0.0,0.0
2024-10-31 00:00:00-04:00,172.25718077657928,175.92858030114797,170.13791418034728,170.2473602294922,44769000,0.0,0.0
2024-11-01 00:00:00-04:00,169.2126171068855,171.45127396637912,168.02861393876626,170.42645263671875,31796500,0.0,0.0
2024-11-04 00:00:00-05:00,169.07330370933886,169.86927360734452,167.16298506324307,168.3867950439453,21492700,0.0,0.0
2024-11-05 00:00:00-05:00,168.57581219568198,169.67027262380228,167.98879032144563,168.88426208496094,18242100,0.0,0.0
2024-11-06 00:00:00-05:00,172.92380321236175,176.04797252771442,172.62531260376363,175.62013244628906,33695500,0.0,0.0
2024-11-07 00:00:00-05:00,176.51560241710214,180.16709852379773,176.2967103185547,179.83876037597656,25352900,0.0,0.0
2024-11-08 00:00:00-05:00,179.7392438048685,179.98798342551285,177.18220839921253,177.4508514404297,22006200,0.0,0.0
2024-11-11 00:00:00-05:00,177.67969975449668,179.6397693133584,177.5702537066768,179.44078063964844,17450400,0.0,0.0
2024-11-12 00:00:00-05:00,178.9134326696115,181.5699698633081,178.48559264894888,180.704345703125,25134900,0.0,0.0
2024-11-13 00:00:00-05:00,179.55023156460638,180.04771085332573,177.6398977358846,177.9781951904297,23184000,0.0,0.0
2024-11-14 00:00:00-05:00,177.38120927026733,177.9184953896884,173.44118190987194,174.69482421875,31007500,0.0,0.0
2024-11-15 00:00:00-05:00,172.85416136828243,173.26209805690692,170.35682063157654,171.62042236328125,32504600,0.0,0.0
2024-11-18 00:00:00-05:00,172.5457023973927,174.55552283170013,172.02831972302542,174.41622924804688,20135300,0.0,0.0
2024-11-19 00:00:00-05:00,172.8442186336241,177.96824963034788,172.68502160529414,177.22203063964844,23434900,0.0,0.0
2024-11-20 00:00:00-05:00,176.44593283355675,176.78421507240827,172.90388308120177,175.09278869628906,18997100,0.0,0.0
2024-11-21 00:00:00-05:00,173.02329149320352,173.2521428982115,162.87471698401734,166.784912109375,59734400,0.0,0.0
2024-11-22 00:00:00-05:00,165.0138834352713,165.62080876483188,163.07370209558795,163.9293670654297,38604600,0.0,0.0
2024-11-25 00:00:00-05:00,165.2526765242949,167.77987996639146,164.77510062902732,166.8048095703125,33135300,0.0,0.0
2024-11-26 00:00:00-05:00,166.78490128483136,168.96386286905866,166.73515032254275,168.2673797607422,20486700,0.0,0.0
2024-11-27 00:00:00-05:00,168.14797960120848,168.62555541069312,167.17292456213445,168.37681579589844,19266500,0.0,0.0
2024-11-29 00:00:00-05:00,167.6505077939042,168.57581191461244,166.31726704322566,168.09823608398438,14257200,0.0,0.0
2024-12-02 00:00:00-05:00,167.91915410888186,171.21246438956555,167.72016544073577,170.6254425048828,23789100,0.0,0.0
2024-12-03 00:00:00-05:00,170.62544918240982,171.80943711786688,169.98867631030456,170.4761962890625,22248700,0.0,0.0
2024-12-04 00:00:00-05:00,170.28715321004535,174.02820715023717,170.1976105823781,173.4909210205078,31615100,0.0,0.0
2024-12-05 00:00:00-05:00,174.4759264469432,175.17239437366248,171.46120334982362,171.76963806152344,21356200,0.0,0.0
2024-12-06 00:00:00-05:00,171.1627116663367,174.1973381653999,170.99357054105934,173.82920837402344,21462400,0.0,0.0
2024-12-09 00:00:00-05:00,173.28136421093646,175.5723794273802,172.97256079724536,174.68585205078125,25389600,0.2,0.0
2024-12-10 00:00:00-05:00,182.13667521959667,185.63297660419835,180.34369430470025,184.44761657714844,54813000,0.0,0.0
2024-12-11 00:00:00-05:00,184.5870622814724,194.8468827437387,184.12886535477608,194.6376953125,67894100,0.0,0.0
2024-12-12 00:00:00-05:00,194.2392695844635,194.4185600761266,190.96211115966233,191.2111358642578,34817500,0.0,0.0
2024-12-13 00:00:00-05:00,190.2648278463795,191.97811901209872,188.90017734316862,189.07948303222656,25143500,0.0,0.0
2024-12-16 00:00:00-05:00,192.11758378595036,198.22367470987274,191.86855906897816,195.89280700683594,44934900,0.0,0.0
2024-12-17 00:00:00-05:00,196.48048589662955,200.6342160179093,194.21933739249496,194.65762329101562,43504000,0.0,0.0
2024-12-18 00:00:00-05:00,194.4584096820746,196.23146433679096,187.0075948858922,187.66500854492188,34166100,0.0,0.0
2024-12-19 00:00:00-05:00,190.88242054359256,192.27695280314458,187.64509939888953,187.7745819091797,32265200,0.0,0.0
2024-12-20 00:00:00-05:00,185.0552429190991,192.13750634222802,184.49742999563804,190.6632843017578,63462900,0.0,0.0
2024-12-23 00:00:00-05:00,191.86854398568468,194.3388799273183,189.40817875947414,193.87071228027344,25675000,0.0,0.0
2024-12-24 00:00:00-05:00,194.0799055884088,195.34495544433594,193.02404318868335,195.34495544433594,10403300,0.0,0.0
2024-12-26 00:00:00-05:00,194.38868793025316,195.98245219810025,193.62170274567876,194.83694458007812,12046600,0.0,0.0
2024-12-27 00:00:00-05:00,194.18945436832726,194.558021252894,189.906226569023,192.00799560546875,18891400,0.0,0.0
2024-12-30 00:00:00-05:00,189.05957268360805,191.79884463576994,188.3822175336386,190.49395751953125,14264700,0.0,0.0
2024-12-31 00:00:00-05:00,190.33456284838633,191.21113466683676,187.77458160553064,188.56150817871094,17466900,0.0,0.0
2025-01-02 00:00:00-05:00,189.90625140953068,191.25099101984424,186.76854591781662,188.69100952148438,20370800,0.0,0.0
2025-01-03 00:00:00-05:00,190.62343412562188,192.45626758091493,189.23885731709424,191.0417938232422,18596200,0.0,0.0
2025-01-06 00:00:00-05:00,193.2232494371018,197.44671400594865,193.09376692292446,196.1019744873047,29563600,0.0,0.0
2025-01-07 00:00:00-05:00,196.34104650196386,200.21587045148732,193.84084384019965,194.7273712158203,26487200,0.0,0.0
2025-01-08 00:00:00-05:00,191.818753365396,195.52422692104554,191.62949216136246,193.193359375,24864800,0.0,0.0
2025-01-10 00:00:00-05:00,193.54199496025797,195.7533354559894,189.5675553775491,191.29080200195312,26665200,0.0,0.0
2025-01-13 00:00:00-05:00,189.32851141262705,190.43416651970912,186.62907690279673,190.26483154296875,21823700,0.0,0.0
2025-01-14 00:00:00-05:00,190.4939429327445,191.23104632862814,187.57536549994643,188.92010498046875,17174900,0.0,0.0
2025-01-15 00:00:00-05:00,192.336729949174,195.5939775570945,191.11153257710336,194.78713989257812,21776000,0.0,0.0
2025-01-16 00:00:00-05:00,193.3826375623353,194.71740642480486,192.05782421701394,192.15744018554688,17815400,0.0,0.0
2025-01-17 00:00:00-05:00,195.7632826747639,196.46054874763502,192.9941294144611,195.2353515625,27735100,0.0,0.0
2025-01-21 00:00:00-05:00,198.29339931939404,201.50082353528188,197.0980685764286,197.27737426757812,29971300,0.0,0.0
2025-01-22 00:00:00-05:00,198.28344103159932,199.6978996202174,196.7594109579838,197.59613037109375,26200600,0.0,0.0
2025-01-23 00:00:00-05:00,197.3670210617764,199.5185981768782,194.43848807720923,197.2076416015625,26951400,0.0,0.0
2025-01-24 00:00:00-05:00,197.32718592161126,200.11625050908367,197.22756995808922,199.428955078125,23877500,0.0,0.0
2025-01-27 00:00:00-05:00,191.65938720339696,196.11195036774717,189.98593319836488,191.0617218017578,41728900,0.0,0.0
2025-01-28 00:00:00-05:00,191.99804618358004,194.71739168696277,189.93611434526252,194.53810119628906,24157900,0.0,0.0
2025-01-29 00:00:00-05:00,194.79709857472477,196.02229596670227,192.6754030526252,194.64768981933594,18218300,0.0,0.0
2025-01-30 00:00:00-05:00,197.22758104242592,200.61431120284323,196.89886658344366,200.0863800048828,24354700,0.0,0.0
2025-01-31 00:00:00-05:00,201.2119817615517,204.6784017460065,201.01276501748202,203.22410583496094,32001100,0.0,0.0
2025-02-03 00:00:00-05:00,199.90707487204236,202.9551348332388,199.31938021531738,200.44496154785156,27838300,0.0,0.0
2025-02-04 00:00:00-05:00,202.59654903669593,206.24227455727316,202.01880986682883,205.57489013671875,43856400,0.0,0.0
2025-02-05 00:00:00-05:00,190.32460742693195,191.998046136523,187.29645852491726,190.58358764648438,70373900,0.0,0.0
2025-02-06 00:00:00-05:00,188.7607254709797,191.35058847007514,187.98376961110344,190.8525390625,29297400,0.0,0.0
2025-02-07 00:00:00-05:00,190.3046897826863,190.43417229867478,182.52516013677956,184.61695861816406,49315000,0.0,0.0
2025-02-10 00:00:00-05:00,186.61914089319663,187.46581586539978,185.1349480135509,185.74256896972656,23105600,0.0,0.0
2025-02-11 00:00:00-05:00,184.3081534858771,186.21070577705743,183.5610794112602,184.59703063964844,21239500,0.0,0.0
2025-02-12 00:00:00-05:00,182.5052293386179,184.38785552440282,181.12065256917043,182.89370727539062,22072600,0.0,0.0
2025-02-13 00:00:00-05:00,183.6009416706382,185.5532868448968,182.42553716023775,185.41383361816406,21402500,0.0,0.0
2025-02-14 00:00:00-05:00,184.33806551853942,185.67283443666003,183.6009620380095,184.5074005126953,20448400,0.0,0.0
2025-02-18 00:00:00-05:00,184.87594800082087,185.23454418579348,181.03100592832718,183.05308532714844,29916700,0.0,0.0
2025-02-19 00:00:00-05:00,183.35191045129994,184.73648715297452,182.87377209155156,184.54722595214844,19549400,0.0,0.0
2025-02-20 00:00:00-05:00,184.07905024850896,184.5870551343315,182.00716304475998,183.83998107910156,20441500,0.0,0.0
2025-02-21 00:00:00-05:00,184.42769462228776,184.61695583425816,178.38138255149903,178.95912170410156,35199200,0.0,0.0
2025-02-24 00:00:00-05:00,181.28003655625,182.40561792977684,178.19212401815724,178.55072021484375,29854200,0.0,0.0
2025-02-25 00:00:00-05:00,177.3454308360551,178.04271218366185,174.0085088406691,174.73565673828125,41913400,0.0,0.0
2025-02-26 00:00:00-05:00,174.38701976901885,175.39307405965482,170.9106295738481,172.05613708496094,35431300,0.0,0.0
2025-02-27 00:00:00-05:00,173.31123936714644,173.87900779159736,167.28483845921406,167.8426513671875,39991000,0.0,0.0
2025-02-28 00:00:00-05:00,168.02192807583762,169.94440654660372,166.11939103491417,169.61569213867188,48130600,0.0,0.0
2025-03-03 00:00:00-05:00,171.25924816477874,172.69363277465732,165.28265575645824,166.3584442138672,40770500,0.0,0.0
2025-03-04 00:00:00-05:00,165.59146927723793,172.61395362786732,165.15318337522604,170.25320434570312,45388000,0.0,0.0
2025-03-05 00:00:00-05:00,169.8547695105912,173.10204608630403,168.40045859307807,172.3450164794922,30954900,0.0,0.0
2025-03-06 00:00:00-05:00,169.8647356201999,174.12803748089462,169.83485387065045,171.67764282226562,28302000,0.0,0.0
2025-03-07 00:00:00-05:00,170.5918843353401,174.28741777289434,169.60575619699736,173.18174743652344,27385800,0.0,0.0
2025-03-10 00:00:00-04:00,167.7966101322015,167.99607150995365,163.23920372577845,165.41319274902344,43604000,0.2,0.0
2025-03-11 00:00:00-04:00,164.4558560210946,166.29078517095678,160.9255963482493,163.58824157714844,39587400,0.0,0.0
2025-03-12 00:00:00-04:00,166.12124110886077,167.17831943801426,163.07963775446962,166.6497802734375,28372400,0.0,0.0
2025-03-13 00:00:00-04:00,165.58271795856493,165.67248166266438,161.6635485106855,162.31175231933594,31756200,0.0,0.0
2025-03-14 00:00:00-04:00,162.82035345635094,166.03148669065808,162.00260445854184,165.03424072265625,31995900,0.0,0.0
2025-03-17 00:00:00-04:00,164.57550719551887,165.8420138841619,163.21925201833648,163.83753967285156,31184300,0.0,0.0
2025-03-18 00:00:00-04:00,163.2292289881846,163.797666550582,156.28840488131223,160.22752380371094,42074800,0.0,0.0
2025-03-19 00:00:00-04:00,161.31450558479577,165.41318720526314,160.5566041117451,163.4386444091797,34275600,0.0,0.0
2025-03-20 00:00:00-04:00,161.1250457167365,164.43589456907407,160.51672503978745,162.35165405273438,28138500,0.0,0.0
2025-03-21 00:00:00-04:00,160.7660482116765,163.7877026347692,160.44692216012342,163.53839111328125,36625800,0.0,0.0
2025-03-24 00:00:00-04:00,166.60991043967152,167.85646804378672,164.68521758619846,167.2182159423828,30879100,0.0,0.0
2025-03-25 00:00:00-04:00,168.51462053018605,170.16008551836464,167.85644975168057,170.09027099609375,24174400,0.0,0.0
2025-03-26 00:00:00-04:00,168.53459028680902,169.14291101426645,164.3860428738787,164.60543823242188,28901600,0.0,0.0
2025-03-27 00:00:00-04:00,164.1766304631432,164.96444818748884,161.55386834836875,161.793212890625,24508300,0.0,0.0
2025-03-28 00:00:00-04:00,160.04802279255455,161.37436185470784,153.20691433431318,153.9049835205078,48669300,0.0,0.0
2025-03-31 00:00:00-04:00,152.68834136730996,155.11164193370462,150.24509161947617,154.21412658691406,54603500,0.0,0.0
2025-04-01 00:00:00-04:00,153.19693997672525,157.66461343058796,153.19693997672525,156.637451171875,30672900,0.0,0.0
2025-04-02 00:00:00-04:00,154.72270392156926,157.9737354754909,154.2739462849113,156.6074981689453,25041700,0.0,0.0
2025-04-03 00:00:00-04:00,150.69384170810525,152.35924068042604,149.97582338010557,150.30491638183594,46883400,0.0,0.0
2025-04-04 00:00:00-04:00,147.60238713771614,150.65397293111235,144.9796402891217,145.19903564453125,62259500,0.0,0.0
2025-04-07 00:00:00-04:00,141.1601793715283,152.42906261628312,140.14298415460087,146.34585571289062,76794100,0.0,0.0
2025-04-08 00:00:00-04:00,150.80354683062922,151.82074204837693,142.63609935843277,144.30149841308594,52200200,0.0,0.0
2025-04-09 00:00:00-04:00,144.0222787835972,159.11061702523395,143.51368875470308,158.27293395996094,70406200,0.0,0.0
2025-04-10 00:00:00-04:00,156.10888048544342,157.28563866565491,149.51708388683267,152.39913940429688,48022000,0.0,0.0
2025-04-11 00:00:00-04:00,152.47891611104427,157.2357840662013,152.39914981719627,156.70724487304688,33636200,0.0,0.0
2025-04-14 00:00:00-04:00,159.5593589601424,161.27462328630523,157.12607630131762,158.63192749023438,30333000,0.0,0.0
2025-04-15 00:00:00-04:00,158.6917731015249,159.2103301054895,154.78257030571797,155.87953186035156,27551500,0.0,0.0
2025-04-16 00:00:00-04:00,152.67836778458886,155.46067741277207,151.09273508921532,152.90773010253906,28187400,0.0,0.0
2025-04-17 00:00:00-04:00,153.86506752718316,154.2539928304109,148.0910202997611,150.7436981201172,33046600,0.0,0.0
2025-04-21 00:00:00-04:00,148.46999532680982,148.53979463690146,145.6976525525358,147.26332092285156,26049100,0.0,0.0
2025-04-22 00:00:00-04:00,148.47995987784566,151.77087479980403,148.13091768280205,151.0528564453125,26971800,0.0,0.0
2025-04-23 00:00:00-04:00,155.1814586711159,157.09616926384234,153.38641273519517,154.92218017578125,31128800,0.0,0.0
2025-04-24 00:00:00-04:00,155.719954312099,159.15048293168,155.36094514919478,158.84133911132812,45894000,0.0,0.0
2025-04-25 00:00:00-04:00,164.61541287682232,165.6425750916004,160.59649729347288,161.51397705078125,56034000,0.0,0.0
2025-04-28 00:00:00-04:00,161.98265861948803,162.70067694860023,158.16321987401656,160.1676788330078,29745800,0.0,0.0
2025-04-29 00:00:00-04:00,159.87849612757626,160.29733764803302,157.086204107764,159.71893310546875,26809000,0.0,0.0
2025-04-30 00:00:00-04:00,157.5449218586139,158.83137774482094,154.9720253029664,158.3626708984375,34981100,0.0,0.0
2025-05-01 00:00:00-04:00,160.00812396444732,161.5039930234171,158.47237175928248,160.8557891845703,30203200,0.0,0.0
2025-05-02 00:00:00-04:00,162.95997467027814,164.51567601619934,161.42420728854916,163.57826232910156,25715000,0.0,0.0
2025-05-05 00:00:00-04:00,162.55110755610633,164.93452502755278,162.2718798770323,163.75778198242188,21341800,0.0,0.0
2025-05-06 00:00:00-04:00,161.72337824217448,164.3461400306944,160.74608144554134,162.78045654296875,21277200,0.0,0.0
2025-05-07 00:00:00-04:00,163.62814193511582,164.545606521222,147.43285979099062,150.96311950683594,127490100,0.0,0.0
2025-05-08 00:00:00-04:00,154.57313616382487,155.5005676767597,152.4789133936082,153.85511779785156,57498700,0.0,0.0
2025-05-09 00:00:00-04:00,153.74540257435322,154.62298385853498,151.78082688293327,152.32931518554688,32435300,0.0,0.0
2025-05-12 00:00:00-04:00,157.0562906900787,158.66185748829406,155.81970007226886,158.02362060546875,44138800,0.0,0.0
2025-05-13 00:00:00-04:00,158.35270013902556,160.12781218093087,155.72995326636035,159.09066772460938,42382100,0.0,0.0
2025-05-14 00:00:00-04:00,159.51949150800576,166.5400972975048,159.170449289238,164.91458129882812,48755900,0.0,0.0
2025-05-15 00:00:00-04:00,165.3832808496498,165.75227223459135,161.92283584781248,163.5084686279297,33146700,0.0,0.0
2025-05-16 00:00:00-04:00,167.26806720706887,168.88361607338598,165.16387753981013,165.73231506347656,42846900,0.0,0.0
2025-05-19 00:00:00-04:00,164.05692133905376,166.18106002472402,163.7677267167175,166.08132934570312,30426100,0.0,0.0
2025-05-20 00:00:00-04:00,165.9716462897934,168.03595283640126,162.45136908866291,163.5283966064453,46607700,0.0,0.0
2025-05-21 00:00:00-04:00,163.2392111991083,172.66318349220677,163.1095643409873,168.09579467773438,73416000,0.0,0.0
2025-05-22 00:00:00-04:00,171.3767414156938,176.28319020253375,170.23988151650855,170.39942932128906,74864400,0.0,0.0
2025-05-23 00:00:00-04:00,168.5944139952117,169.49194456610303,167.42763794814334,168.00604248046875,35211400,0.0,0.0
2025-05-27 00:00:00-04:00,169.69138381086714,172.69308880696215,169.53182079809207,172.423828125,37995700,0.0,0.0
2025-05-28 00:00:00-04:00,172.6831300854681,174.7873198647011,171.4365725199691,171.8853302001953,34784000,0.0,0.0
2025-05-29 00:00:00-04:00,173.5208248376079,173.9396663818934,170.16011028339477,171.38671875,29317300,0.0,0.0
2025-05-30 00:00:00-04:00,170.87811871209726,171.73575093359455,166.97888295989642,171.2670440673828,52639900,0.0,0.0
2025-06-02 00:00:00-04:00,167.37777366516244,169.40218193277036,166.92901598525125,168.5644989013672,38612300,0.0,0.0
2025-06-03 00:00:00-04:00,167.0287408798973,168.01600469808255,164.82482048675826,165.7223358154297,45084900,0.0,0.0
2025-06-04 00:00:00-04:00,166.28081407126308,167.75673398423967,165.90185569784677,167.5872039794922,26900800,0.0,0.0
2025-06-05 00:00:00-04:00,169.87088888051295,170.45926039928958,167.1284622369502,167.74676513671875,36379100,0.0,0.0
2025-06-06 00:00:00-04:00,170.35956350392388,174.01945508865876,170.35956350392388,173.2017059326172,35731800,0.0,0.0
2025-06-09 00:00:00-04:00,174.27002138780236,176.1970440586742,174.1002861656323,175.817626953125,28935900,0.21,0.0
2025-06-10 00:00:00-04:00,175.92747903926403,180.8298886948226,174.63948090794972,178.3237762451172,61766100,0.0,0.0
2025-06-11 00:00:00-04:00,179.49195401036374,180.09101684926247,176.47662077845203,177.07569885253906,31646800,0.0,0.0
2025-06-12 00:00:00-04:00,175.90749122267417,176.44666452455314,174.47971034788216,175.42823791503906,20941900,0.0,0.0
2025-06-13 00:00:00-04:00,172.17329464872896,176.85604320367563,172.1233689351953,174.39984130859375,27663100,0.0,0.0
2025-06-16 00:00:00-04:00,174.45974398959817,176.66633252587772,174.37986589593493,176.49659729003906,27389200,0.0,0.0
2025-06-17 00:00:00-04:00,175.4282431183839,177.08567926563504,174.30998028900405,175.6778564453125,24973000,0.0,0.0
2025-06-18 00:00:00-04:00,175.73776761612697,176.28692000243774,172.93211615674434,173.05194091796875,28707500,0.0,0.0
2025-06-20 00:00:00-04:00,173.68095462694552,174.07035081830173,165.20409556084024,166.38226318359375,75659900,0.0,0.0
2025-06-23 00:00:00-04:00,166.0128253516346,167.08116240174218,161.7494257286143,164.9344940185547,57671000,0.0,0.0
2025-06-24 00:00:00-04:00,166.66183161080377,167.95982401484335,165.87306016657053,166.51206970214844,40524300,0.0,0.0
2025-06-25 00:00:00-04:00,167.3707300173257,172.0934098171055,167.29085192583665,170.41600036621094,35479000,0.0,0.0
2025-06-26 00:00:00-04:00,172.16330733603075,173.4213683331891,169.6771681943881,173.27159118652344,31796700,0.0,0.0
2025-06-27 00:00:00-04:00,173.27158802075178,178.40363764116194,171.46438989107267,178.25387573242188,108140200,0.0,0.0
2025-06-30 00:00:00-04:00,180.5003780733202,180.94967899066734,174.30997094439113,175.95741271972656,63378900,0.0,0.0
2025-07-01 00:00:00-04:00,175.46818749328466,175.81763700531283,173.26159900853952,175.56802368164062,35904500,0.0,0.0
2025-07-02 00:00:00-04:00,175.26848197683447,178.58335417760583,174.79922295185074,178.3636932373047,29128900,0.0,0.0
2025-07-03 00:00:00-04:00,178.22391365801445,179.39210218822254,176.7761594232363,179.2523193359375,21689700,0.0,0.0
2025-07-07 00:00:00-04:00,178.78304908898676,179.0226833705182,175.40827199123135,176.5165557861328,34175600,0.0,0.0
2025-07-08 00:00:00-04:00,177.5749242496101,177.67476043779465,172.54271112131266,174.09031677246094,40442500,0.0,0.0
2025-07-09 00:00:00-04:00,174.97894087050608,179.1624626362242,172.50278095171484,176.34681701660156,43025600,0.0,0.0
2025-07-10 00:00:00-04:00,175.35836349959487,178.15402063985096,174.11029683512743,177.34527587890625,29252400,0.0,0.0
2025-07-11 00:00:00-04:00,176.51656530489134,181.14938835134018,176.20704719654847,179.91131591796875,34282900,0.0,0.0
2025-07-14 00:00:00-04:00,180.7300224544814,183.3859118317051,179.40207776586954,181.2791748046875,32536600,0.0,0.0
2025-07-15 00:00:00-04:00,182.5272506181519,183.93507346834292,181.31913062189142,181.718505859375,33448300,0.0,0.0
2025-07-16 00:00:00-04:00,182.95659839065306,184.04490889196538,181.74846312672318,182.68701171875,33104200,0.0,0.0
2025-07-17 00:00:00-04:00,181.85827589550698,183.77530432362263,180.20083982993623,183.29605102539062,31992600,0.0,0.0
2025-07-18 00:00:00-04:00,185.11324367348885,186.1316703490662,183.42587032160213,184.77377319335938,34014500,0.0,0.0
2025-07-21 00:00:00-04:00,185.9619330750015,189.99567783258155,185.86208164773134,189.8059844970703,45803100,0.0,0.0
2025-07-22 00:00:00-04:00,191.20380830960463,191.35357021159422,187.17006365240448,191.04405212402344,44660200,0.0,0.0
2025-07-23 00:00:00-04:00,191.20381577219638,192.23222149983224,188.88739669642578,189.93577575683594,58681900,0.0,0.0
2025-07-24 00:00:00-04:00,196.7252403051011,197.64381545602902,190.70456849752816,191.8727569580078,74881700,0.0,0.0
2025-07-25 00:00:00-04:00,191.68305419336826,194.02942546808288,190.96416662133603,192.88119506835938,39785900,0.0,0.0
2025-07-28 00:00:00-04:00,193.35047209995227,193.7498625541434,190.54482081320737,192.28213500976562,38139500,0.0,0.0
2025-07-29 00:00:00-04:00,192.13236281084488,195.61697034161693,191.78291329403916,195.44723510742188,41389200,0.0,0.0
2025-07-30 00:00:00-04:00,195.2974741739121,197.2943808004953,194.3888780023715,196.2260284423828,32445400,0.0,0.0
2025-07-31 00:00:00-04:00,195.40729975764043,195.68686545955075,190.79443520574372,191.60317993164062,51329200,0.0,0.0
2025-08-01 00:00:00-04:00,188.73762721302066,190.53484621084553,187.52950724447476,188.8374786376953,34832200,0.0,0.0
2025-08-04 00:00:00-04:00,189.9956738002762,194.96798225717674,189.82593856567027,194.7383270263672,31547400,0.0,0.0
2025-08-05 00:00:00-04:00,194.40884314692985,197.55396485726567,193.5901041516216,194.368896484375,31602300,0.0,0.0
2025-08-06 00:00:00-04:00,194.1991754853375,196.3258859841649,193.3704573812648,195.78671264648438,21562900,0.0,0.0
2025-08-07 00:00:00-04:00,196.75520727948205,197.23446060352177,194.0294340028213,196.21604919433594,26321800,0.0,0.0
2025-08-08 00:00:00-04:00,196.9149587094283,202.29662132319493,196.86503299798275,201.10845947265625,39161800,0.0,0.0
2025-08-11 00:00:00-04:00,200.62921267003748,201.16837075965444,198.76210983585918,200.68911743164062,25832400,0.0,0.0
2025-08-12 00:00:00-04:00,201.0585431482033,204.18370696130674,200.27975076589462,203.02549743652344,30397900,0.0,0.0
2025-08-13 00:00:00-04:00,203.81427054832747,204.21364576160173,197.2044995517677,201.6476287841797,28342900,0.0,0.0
2025-08-14 00:00:00-04:00,201.18833871082708,204.12379383237695,200.91875205563483,202.62611389160156,25230400,0.0,0.0
2025-08-15 00:00:00-04:00,203.534714766441,206.12070520105007,200.96868242883633,203.58462524414062,34931400,0.0,0.0
2025-08-18 00:00:00-04:00,203.88415594549542,204.9525082638803,202.17680937496152,203.18524169921875,18526600,0.0,0.0
2025-08-19 00:00:00-04:00,202.7159730378366,203.1253425488118,199.65072931767816,201.25823974609375,24240200,0.0,0.0
2025-08-20 00:00:00-04:00,200.41952632200108,200.9686786831588,196.29592455953664,199.01171875,28955500,0.0,0.0
2025-08-21 00:00:00-04:00,199.44105529785156,202.1668286588479,199.12154291514705,199.44105529785156,19774600,0.0,0.0
2025-08-22 00:00:00-04:00,202.41643648326647,208.21744781149425,200.98865555430208,205.771240234375,42827000,0.0,0.0
2025-08-25 00:00:00-04:00,206.11069972619865,210.19438514977915,204.9624845680577,208.1675262451172,29928900,0.0,0.0
2025-08-26 00:00:00-04:00,207.18903343187435,207.52851912382437,205.3818354433132,206.81961059570312,28464100,0.0,0.0
2025-08-27 00:00:00-04:00,205.38184246485358,208.58688428789492,205.3319167524022,207.15908813476562,23022900,0.0,0.0
2025-08-28 00:00:00-04:00,206.92944327697995,211.8917573213033,206.57997853322107,211.31265258789062,32339300,0.0,0.0
2025-08-29 00:00:00-04:00,210.1844065843309,214.31800279201352,209.87488848734807,212.58070373535156,39728400,0.0,0.0
2025-09-02 00:00:00-04:00,208.11761422314743,211.3525932568575,205.88107328271496,211.0231170654297,47523000,0.0,0.0
2025-09-03 00:00:00-04:00,225.86013881710127,230.95224175670688,224.4423216543269,230.30325317382812,103336100,0.0,0.0
2025-09-04 00:00:00-04:00,229.2947939629136,232.01058815431742,225.76027598883607,231.94070434570312,51684200,0.0,0.0
2025-09-05 00:00:00-04:00,231.84086323662245,235.39535470067108,231.5413241866342,234.63653564453125,46588900,0.0,0.0
2025-09-08 00:00:00-04:00,235.31608185012894,237.97434675109136,233.5172554040335,233.8870086669922,32474700,0.21,0.0
2025-09-09 00:00:00-04:00,234.0169206603603,240.3128053844981,233.07753270088136,239.47335815429688,38061000,0.0,0.0
2025-09-10 00:00:00-04:00,238.74382884116824,241.50203443312756,237.6945274082077,239.01365661621094,35141100,0.0,0.0
2025-09-11 00:00:00-04:00,239.7232054178332,242.09165136894262,236.09557331646107,240.21287536621094,30599300,0.0,0.0
2025-09-12 00:00:00-04:00,240.21286654309478,241.92175543476245,237.84442067897936,240.64259338378906,26771600,0.0,0.0
2025-09-15 00:00:00-04:00,244.5000723057695,252.24500622225327,244.5000723057695,251.44552612304688,58383800,0.0,0.0
2025-09-16 00:00:00-04:00,251.91521585326547,252.87457975705254,249.30692141357196,250.99581909179688,34109700,0.0,0.0
2025-09-17 00:00:00-04:00,251.0557800198683,251.43553649547647,246.11900683222018,249.36688232421875,34108000,0.0,0.0
2025-09-18 00:00:00-04:00,251.51547232528497,253.82397511354577,249.6367116291099,251.86524963378906,31239500,0.0,0.0
2025-09-19 00:00:00-04:00,253.08445699569828,255.83265939150547,251.64539584681071,254.55349731445312,55571400,0.0,0.0
2025-09-22 00:00:00-04:00,254.2636811395151,255.6128047936517,250.13639113793755,252.36492919921875,32290500,0.0,0.0
2025-09-23 00:00:00-04:00,252.8745862102155,254.1937306726042,250.31626206974443,251.49549865722656,26628000,0.0,0.0
2025-09-24 00:00:00-04:00,251.49550432970327,252.18505574615793,246.2789151995329,246.97845458984375,28201000,0.0,0.0
2025-09-25 00:00:00-04:00,244.24022750230412,246.32887284028934,240.58263166512353,245.6293182373047,31020400,0.0,0.0
2025-09-26 00:00:00-04:00,246.90849752367055,249.25695217808112,245.80921049475367,246.3788299560547,18503200,0.0,0.0
2025-09-29 00:00:00-04:00,247.6879914773483,250.98582213384148,242.61131034259105,243.89047241210938,32505800,0.0,0.0
2025-09-30 00:00:00-04:00,242.65128209661555,243.13096406959585,239.09361157011617,242.94110107421875,34724300,0.0,0.0
2025-10-01 00:00:00-04:00,240.59263270567308,246.13900797357311,238.45403213601972,244.7399139404297,31658200,0.0,0.0
2025-10-02 00:00:00-04:00,244.98974812584623,246.64866670301694,242.14162021805868,245.52940368652344,25483300,0.0,0.0
2025-10-03 00:00:00-04:00,244.33018254314118,246.138996907564,241.5020306823554,245.1896209716797,30249600,0.0,0.0
2025-10-06 00:00:00-04:00,244.61999567020933,251.1557292673991,244.42012945214807,250.26629638671875,28894700,0.0,0.0
2025-10-07 00:00:00-04:00,248.10771903747053,250.27629875611288,245.35951661425605,245.59934997558594,23181300,0.0,0.0
2025-10-08 00:00:00-04:00,244.79988761332393,245.84918907751907,243.66063338889384,244.46009826660156,21307100,0.0,0.0
2025-10-09 00:00:00-04:00,244.3101967172578,244.60000044134677,238.99366696134817,241.3721160888672,27892100,0.0,0.0
2025-10-10 00:00:00-04:00,241.27216783484693,243.93043262992407,235.6858257251368,236.4153594970703,33180300,0.0,0.0
2025-10-13 00:00:00-04:00,240.05299046060216,244.34017953936018,239.55331729181,243.9904022216797,24995000,0.0,0.0
2025-10-14 00:00:00-04:00,241.07230809804528,246.95845730298234,240.35277752895155,245.28955078125,22111600,0.0,0.0
2025-10-15 00:00:00-04:00,247.0883778879278,251.94520161834686,245.82920701293574,250.86590576171875,27007700,0.0,0.0
2025-10-16 00:00:00-04:00,251.60541868813706,256.79201310331337,249.93651222042618,251.29562377929688,27997200,0.0,0.0
2025-10-17 00:00:00-04:00,250.59608169913423,254.05382673080507,247.64801305801078,253.13442993164062,29671600,0.0,0.0
2025-10-20 00:00:00-04:00,254.52352413042843,257.1617826336821,254.06381810029453,256.3822937011719,22350200,0.0,0.0
2025-10-21 00:00:00-04:00,254.5734808325197,254.71338870395212,243.99039197294186,250.29627990722656,47312100,0.0,0.0
2025-10-22 00:00:00-04:00,254.20372304336274,256.19241249616164,249.12704181794433,251.52548217773438,35029400,0.0,0.0
2025-10-23 00:00:00-04:00,252.81462530948346,254.8732762688867,251.68537434804077,252.91456604003906,19901400,0.0,0.0
2025-10-24 00:00:00-04:00,256.412278354529,261.5089509442133,255.1531226659378,259.7501220703125,28655100,0.0,0.0
2025-10-27 00:00:00-04:00,264.6468909460984,269.9634205104271,264.10723541197956,269.0939636230469,35235200,0.0,0.0
2025-10-28 00:00:00-04:00,269.5137161039883,270.5530448339537,266.3257988486908,267.295166015625,29738600,0.0,0.0
2025-10-29 00:00:00-04:00,267.57498405043395,275.1600191542769,267.49504976173847,274.3905334472656,43580300,0.0,0.0
2025-10-30 00:00:00-04:00,291.3993974290424,291.3993974290424,279.87693527724974,281.2960205078125,74876000,0.0,0.0
2025-10-31 00:00:00-04:00,283.02486366213384,285.81304844327684,276.8489107040144,281.0061950683594,39267900,0.0,0.0
2025-11-03 00:00:00-05:00,281.9955439895644,285.3433603410046,279.61709481156873,283.5345458984375,29786000,0.0,0.0
2025-11-04 00:00:00-05:00,276.56908942406625,281.0861237356038,276.07941949471564,277.35858154296875,30078400,0.0,0.0
2025-11-05 00:00:00-05:00,278.6876991693174,286.23278206992967,277.15870054271744,284.1241455078125,31010300,0.0,0.0
2025-11-06 00:00:00-05:00,285.14348075532007,288.1615262521665,280.9562476047489,284.5638732910156,37173600,0.0,0.0
2025-11-07 00:00:00-05:00,283.0248465894465,283.59448127875606,275.0101005397699,278.647705078125,34479600,0.0,0.0
2025-11-10 00:00:00-05:00,284.23409016650885,290.6098939896417,282.6750818691635,289.9103698730469,29557300,0.0,0.0
2025-11-11 00:00:00-05:00,287.56189748708465,291.72918497214437,287.1321858980205,291.11956787109375,19842100,0.0,0.0
2025-11-12 00:00:00-05:00,291.4893355792204,291.8191369528623,283.504568014819,286.5225830078125,24829900,0.0,0.0
2025-11-13 00:00:00-05:00,282.15543354563385,282.65510670070455,277.0587612643864,278.3879089355469,29494000,0.0,0.0
2025-11-14 00:00:00-05:00,271.23257767900105,278.3778974858086,270.52305035910666,276.22930908203125,31647200,0.0,0.0
2025-11-17 00:00:00-05:00,285.59319216713175,293.7578650793077,283.38464532335746,284.83367919921875,52670200,0.0,0.0
2025-11-18 00:00:00-05:00,287.7318125744744,288.61121173854644,278.0181648979437,284.09417724609375,49158700,0.0,0.0
2025-11-19 00:00:00-05:00,286.9722907427786,303.6114007455407,286.44263841708545,292.61859130859375,68198900,0.0,0.0
2025-11-20 00:00:00-05:00,304.3409354639468,306.2197114167213,288.48131431646567,289.26080322265625,62025200,0.0,0.0
2025-11-21 00:00:00-05:00,296.2262391249899,303.7213362601199,293.6579118539212,299.464111328125,74137700,0.0,0.0
2025-11-24 00:00:00-05:00,310.9266228942269,319.27117069793417,309.39762425695875,318.3717346191406,85165100,0.0,0.0
2025-11-25 00:00:00-05:00,325.9967549915166,328.6150374741804,317.4423529194355,323.22857666015625,88632100,0.0,0.0
2025-11-26 00:00:00-05:00,320.4703785574214,324.287888914303,316.58293713459693,319.7408752441406,51373400,0.0,0.0
2025-11-28 00:00:00-05:00,323.15862038246837,326.6363566172421,316.5829348985448,319.970703125,26018600,0.0,0.0
2025-12-01 00:00:00-05:00,317.49233426982363,319.6409227326276,313.684827275924,314.6841735839844,41183000,0.0,0.0
2025-12-02 00:00:00-05:00,316.5329308632399,318.17187340075924,313.7047943107319,315.6035461425781,35854700,0.0,0.0
2025-12-03 00:00:00-05:00,315.68353592029735,321.369788644051,313.89469739870816,319.42108154296875,41838300,0.0,0.0
2025-12-04 00:00:00-05:00,322.0193865832628,322.14927599125497,314.4943097586067,317.4123840332031,31240900,0.0,0.0
2025-12-05 00:00:00-05:00,319.28113189003057,322.9487461411032,318.961364259978,321.0599670410156,28851700,0.0,0.0
2025-12-08 00:00:00-05:00,320.04998779296875,320.44000244140625,311.2200012207031,313.7200012207031,33909400,0.21,0.0
2025-12-09 00:00:00-05:00,312.3699951171875,317.989990234375,311.8999938964844,317.0799865722656,30194000,0.0,0.0
2025-12-10 00:00:00-05:00,315.8299865722656,321.30999755859375,314.67999267578125,320.2099914550781,33428900,0.0,0.0
2025-12-11 00:00:00-05:00,320.0799865722656,321.1199951171875,308.6000061035156,312.42999267578125,42353700,0.0,0.0
2025-12-12 00:00:00-05:00,313.70001220703125,314.8699951171875,305.55999755859375,309.2900085449219,35940200,0.0,0.0
2025-12-15 00:00:00-05:00,311.32000732421875,311.4200134277344,304.8800048828125,308.2200012207031,29151900,0.0,0.0
2025-12-16 00:00:00-05:00,304.95001220703125,310.7699890136719,302.5899963378906,306.57000732421875,30585000,0.0,0.0
2025-12-17 00:00:00-05:00,308.010009765625,308.0899963378906,296.1199951171875,296.7200012207031,43930400,0.0,0.0
2025-12-18 00:00:00-05:00,301.7200012207031,303.9599914550781,299.2300109863281,302.4599914550781,33518000,0.0,0.0
2025-12-19 00:00:00-05:00,301.7300109863281,307.25,300.9700012207031,307.1600036621094,59913000,0.0,0.0
